Ride_ID,Driver_ID,City,Date,Distance_km,Duration_min,Fare,Rating,Promo_Code
1,110,Miami,11/11/2024,5.8,8,11.01,3.8,
2,112,Los Angeles,11/19/2024,2.6,5,5.69,4.8,
3,147,San Francisco,11/14/2024,4.6,8,8.95,4.5,WELCOME5
4,120,Chicago,11/12/2024,26.5,46,54.88,4.7,SAVE20
5,193,San Francisco,11/7/2024,15.9,26,20.45,4.2,DISCOUNT10
6,119,Chicago,11/16/2024,34.4,77,90.25,4.9,
7,144,San Francisco,11/27/2024,29.5,48,58.48,3.7,WELCOME5
8,137,Miami,11/28/2024,33.1,55,41.67,4,SAVE20
9,200,New York,11/6/2024,38.1,81,59.02,4.3,SAVE20
10,119,Los Angeles,11/7/2024,27.6,56,39.41,3.8,DISCOUNT10
11,170,Miami,11/20/2024,29.3,47,82.09,4.8,WELCOME5
12,144,New York,11/18/2024,16,29,30.92,3.7,
13,161,San Francisco,11/28/2024,11.4,18,10.58,3.9,SAVE20
14,148,San Francisco,11/14/2024,12.9,31,34.17,3.8,DISCOUNT10
15,127,Los Angeles,11/11/2024,26.4,59,77.73,4.6,SAVE20
16,136,Los Angeles,11/25/2024,49.7,116,49.96,4.9,DISCOUNT10
17,132,Chicago,11/17/2024,42.9,84,125.46,3.7,SAVE20
18,160,New York,11/5/2024,34.5,82,24.27,4.8,WELCOME5
19,122,Los Angeles,11/21/2024,43.1,65,117.71,3.8,DISCOUNT10
20,107,Chicago,11/25/2024,21.7,44,30,4.9,DISCOUNT10
21,160,Chicago,11/20/2024,34.5,56,31.56,3.9,
22,170,San Francisco,11/19/2024,32.8,67,95.3,4.5,
23,147,New York,11/24/2024,17.7,34,20.68,4.9,WELCOME5
24,141,Los Angeles,11/8/2024,42.9,74,121.53,4.7,
25,151,Miami,11/5/2024,21.9,35,43.21,4.2,SAVE20
26,190,Miami,11/27/2024,14.3,31,30.32,4.8,DISCOUNT10
27,113,Miami,11/3/2024,33.2,74,73.77,3.7,WELCOME5
28,187,Chicago,11/8/2024,46.1,82,99.46,4.5,WELCOME5
29,103,Los Angeles,11/7/2024,39.6,69,30.35,3.7,
30,190,New York,11/17/2024,24.2,50,28.81,3.9,SAVE20
31,164,Miami,11/17/2024,13.8,24,24.67,4.4,DISCOUNT10
32,135,San Francisco,11/7/2024,1.9,2,4.46,4.5,
33,193,Miami,11/14/2024,41.6,73,97.98,4.7,WELCOME5
34,188,San Francisco,11/10/2024,17.8,39,20.94,3.5,
35,195,Los Angeles,11/24/2024,46.2,109,87.16,4.6,SAVE20
36,190,Miami,11/25/2024,16.9,34,13.12,4.7,SAVE20
37,170,San Francisco,11/11/2024,41.1,67,108.1,4.3,DISCOUNT10
38,149,Miami,11/10/2024,26.9,41,61.77,4.5,SAVE20
39,175,Chicago,11/13/2024,40.5,62,34.84,4.7,SAVE20
40,158,New York,11/13/2024,43.9,102,57.95,4,SAVE20
41,191,Miami,11/4/2024,9.6,19,17.61,4.3,
42,130,Miami,11/30/2024,9.8,23,12.85,3.5,DISCOUNT10
43,115,Los Angeles,11/18/2024,38.9,91,87.05,4.4,SAVE20
44,122,Los Angeles,11/14/2024,7,12,4.12,4.5,
45,146,New York,11/19/2024,22.7,54,67.44,4.8,
46,172,San Francisco,11/11/2024,10.1,17,10.02,4.5,
47,152,San Francisco,11/10/2024,17.5,41,35.47,3.8,SAVE20
48,104,Chicago,11/13/2024,9.5,22,22.65,3.5,SAVE20
49,141,Los Angeles,11/3/2024,23.6,50,34.55,4,
50,189,New York,11/4/2024,5.4,9,13.26,4.4,
51,130,Chicago,11/15/2024,7.1,17,18.69,4.3,
52,119,Miami,11/4/2024,23.8,48,35.36,4,
53,115,San Francisco,11/17/2024,6.2,13,6.34,3.6,DISCOUNT10
54,151,Los Angeles,11/10/2024,31.4,66,29.07,3.7,DISCOUNT10
55,182,New York,11/7/2024,45.8,71,122.43,4,SAVE20
56,157,San Francisco,11/22/2024,16.1,29,29.47,4.7,WELCOME5
57,177,Chicago,11/8/2024,38.1,68,104.2,3.8,SAVE20
58,191,Los Angeles,11/11/2024,23.8,40,29.98,3.7,DISCOUNT10
59,105,San Francisco,11/8/2024,13.6,29,21.71,3.6,WELCOME5
60,156,Los Angeles,11/26/2024,23.9,45,21.68,4.5,WELCOME5
61,144,Chicago,11/27/2024,28.7,48,78.93,3.8,DISCOUNT10
62,200,Miami,11/9/2024,15.2,36,21.62,3.9,
63,149,Chicago,11/14/2024,30.2,64,25.65,4.7,SAVE20
64,179,San Francisco,11/4/2024,8.9,18,21.14,4.1,
65,131,New York,11/20/2024,33.6,56,77.7,4.6,SAVE20
66,173,Los Angeles,11/13/2024,7.8,19,5.5,4.7,WELCOME5
67,164,Miami,11/1/2024,21.1,44,62.12,3.8,
68,111,Chicago,11/2/2024,42.5,86,118.47,4.3,WELCOME5
69,143,New York,11/4/2024,27.5,50,35.6,4.9,DISCOUNT10
70,165,New York,11/5/2024,44.4,75,101.39,4.5,DISCOUNT10
71,142,New York,11/10/2024,6.7,10,4.73,4,DISCOUNT10
72,134,Miami,11/30/2024,28.3,51,81.19,4.6,
73,174,Los Angeles,11/18/2024,41.5,95,88.39,4.3,WELCOME5
74,145,San Francisco,11/23/2024,37.3,83,25.78,4.4,
75,108,Chicago,11/30/2024,3.6,5,8.22,4.1,SAVE20
76,148,San Francisco,11/16/2024,41.7,100,112.92,4.5,SAVE20
77,170,San Francisco,11/26/2024,12.6,22,10.31,4.8,WELCOME5
78,104,Los Angeles,11/29/2024,14.6,30,11.03,4,SAVE20
79,121,Los Angeles,11/5/2024,14.1,26,35.73,3.8,WELCOME5
80,144,Los Angeles,11/30/2024,14.1,21,32.83,4.5,
81,132,New York,11/17/2024,24.5,38,21.25,4.4,
82,170,Chicago,11/18/2024,41.3,95,98.77,5,SAVE20
83,161,Los Angeles,11/2/2024,38.8,79,73.93,4.5,
84,108,San Francisco,11/9/2024,24.1,51,43.15,4.3,SAVE20
85,166,New York,11/14/2024,35.7,56,47.18,4,WELCOME5
86,138,San Francisco,11/29/2024,39,72,66.08,3.9,SAVE20
87,190,New York,11/27/2024,47.8,108,130.51,4.9,
88,170,San Francisco,11/21/2024,37.5,81,85.61,5,
89,183,New York,11/1/2024,21.2,43,14.35,4.5,
90,184,San Francisco,11/17/2024,43.3,89,91.27,4.3,
91,143,Chicago,11/1/2024,43.2,98,121.42,4.9,WELCOME5
92,138,Miami,11/11/2024,19.7,39,32.05,4.6,SAVE20
93,119,New York,11/3/2024,1.6,2,1.27,4.4,WELCOME5
94,156,Los Angeles,11/24/2024,40.9,87,50.87,4.6,DISCOUNT10
95,155,Los Angeles,11/6/2024,22.3,48,19.48,4.3,WELCOME5
96,190,New York,11/19/2024,24.6,59,40.58,4.8,WELCOME5
97,137,Los Angeles,11/13/2024,32.1,70,28.75,3.8,DISCOUNT10
98,104,San Francisco,11/24/2024,45.1,73,111.94,4.6,
99,125,New York,11/27/2024,4.2,9,6.81,4.4,
100,122,Chicago,11/23/2024,39.7,74,75.9,5,SAVE20
101,138,San Francisco,11/18/2024,6.9,14,10.36,4.6,
102,109,New York,11/19/2024,7.9,17,8.33,3.9,
103,151,New York,11/5/2024,32.8,61,16.99,3.6,WELCOME5
104,168,San Francisco,11/30/2024,49.5,104,56.19,3.5,DISCOUNT10
105,111,Miami,11/7/2024,48.5,90,62.76,3.8,WELCOME5
106,158,San Francisco,11/12/2024,43.3,68,29.09,4.3,
107,113,Chicago,11/25/2024,39.6,75,46.92,4.3,SAVE20
108,193,San Francisco,11/29/2024,14.7,31,28.64,4.8,SAVE20
109,163,San Francisco,11/6/2024,25.3,57,44.56,3.7,WELCOME5
110,101,Miami,11/26/2024,12.9,30,23.92,4.7,WELCOME5
111,153,Los Angeles,11/22/2024,4.8,9,6.09,3.6,SAVE20
112,177,Miami,11/6/2024,14.9,22,18.84,4.6,SAVE20
113,177,Chicago,11/16/2024,12,23,19.62,4,WELCOME5
114,184,Los Angeles,11/29/2024,2.2,4,6.22,4.4,SAVE20
115,155,Los Angeles,11/4/2024,19.1,35,32.49,4.5,WELCOME5
116,180,Los Angeles,11/4/2024,3,4,2.95,4.2,DISCOUNT10
117,164,San Francisco,11/19/2024,13.9,21,30.05,3.9,WELCOME5
118,190,New York,11/30/2024,42.5,84,83.61,4.4,WELCOME5
119,109,Los Angeles,11/3/2024,20.1,48,23.55,4.1,DISCOUNT10
120,162,Chicago,11/25/2024,42.4,93,66.84,4.6,
121,158,Chicago,11/10/2024,35.2,85,65.7,3.7,DISCOUNT10
122,200,Chicago,11/2/2024,5.8,11,12.14,4.1,SAVE20
123,174,Miami,11/5/2024,1.4,2,3.02,3.6,DISCOUNT10
124,145,New York,11/20/2024,8.4,14,24.18,3.9,
125,137,Chicago,11/7/2024,2.7,5,3.96,4,WELCOME5
126,116,New York,11/4/2024,25.2,51,42.15,4.2,DISCOUNT10
127,142,Los Angeles,11/30/2024,13.8,32,11.34,4.4,DISCOUNT10
128,124,San Francisco,11/1/2024,24.3,37,57.95,4.4,
129,130,Los Angeles,11/28/2024,18.9,28,53.31,3.7,DISCOUNT10
130,176,Los Angeles,11/4/2024,42.8,92,49.87,4.3,DISCOUNT10
131,103,Miami,11/16/2024,44.3,108,78.79,4.6,DISCOUNT10
132,186,New York,11/16/2024,2.7,5,5.39,3.6,WELCOME5
133,118,New York,11/11/2024,18.9,45,15.4,3.8,SAVE20
134,145,Miami,11/27/2024,29.9,56,62.92,3.5,DISCOUNT10
135,183,San Francisco,11/10/2024,48,96,31.72,4.9,SAVE20
136,133,Miami,11/4/2024,20.5,49,55.03,4.5,DISCOUNT10
137,188,San Francisco,11/8/2024,13.9,30,13.92,4.2,DISCOUNT10
138,161,New York,11/30/2024,15.8,32,25.58,3.6,
139,163,Miami,11/9/2024,5.8,10,4.49,3.7,SAVE20
140,197,New York,11/3/2024,17.1,26,14.48,4.9,SAVE20
141,144,San Francisco,11/11/2024,27.2,51,60.35,4.6,SAVE20
142,104,Miami,11/4/2024,32.4,76,92.04,4.4,SAVE20
143,128,Chicago,11/2/2024,20.3,34,15.34,4.2,WELCOME5
144,105,New York,11/20/2024,22,36,32.37,3.7,
145,108,Los Angeles,11/1/2024,38.4,92,101.91,4.9,DISCOUNT10
146,121,Chicago,11/20/2024,24.4,54,41.52,4.9,DISCOUNT10
147,173,San Francisco,11/21/2024,13.2,28,17.72,4,
148,146,New York,11/30/2024,48.1,80,132.98,3.6,
149,158,Chicago,11/16/2024,32.6,70,39.59,3.7,
150,167,New York,11/22/2024,41.1,75,60.51,4.3,DISCOUNT10
151,193,San Francisco,11/15/2024,41.7,84,63.56,4.6,
152,188,New York,11/23/2024,13.8,32,22.27,4.3,WELCOME5
153,157,Chicago,11/30/2024,22.9,55,34.04,4,
154,131,Chicago,11/9/2024,28.5,65,42.47,3.6,
155,121,Chicago,11/20/2024,35.3,77,66.67,4.9,
156,186,Miami,11/10/2024,9.2,21,8.07,4.8,DISCOUNT10
157,194,Chicago,11/20/2024,18.1,29,26.97,3.6,SAVE20
158,153,Los Angeles,11/22/2024,18.6,38,15.94,4.4,DISCOUNT10
159,188,San Francisco,11/25/2024,24.1,39,56,4.2,DISCOUNT10
160,154,Los Angeles,11/6/2024,5.5,9,5.36,4.3,DISCOUNT10
161,148,Chicago,11/22/2024,10.4,17,29.91,3.6,
162,105,Miami,11/10/2024,34.2,57,23.67,4.9,
163,104,Miami,11/12/2024,6.6,12,12.32,4.8,
164,144,Los Angeles,11/17/2024,28.5,65,70.97,3.6,
165,130,Los Angeles,11/2/2024,2.3,4,2.88,3.6,SAVE20
166,172,New York,11/26/2024,7.8,18,11.72,4.9,SAVE20
167,143,Miami,11/23/2024,1.6,3,2.74,4.6,SAVE20
168,161,Miami,11/24/2024,4.4,10,8.08,3.8,DISCOUNT10
169,140,San Francisco,11/3/2024,4.3,9,12.83,4.9,DISCOUNT10
170,158,Chicago,11/1/2024,14,29,16.67,3.8,
171,145,Chicago,11/24/2024,43.2,76,46.29,4.6,
172,194,Chicago,11/20/2024,43.7,72,82.83,4.7,
173,179,Los Angeles,11/15/2024,4.3,6,3.85,4.7,WELCOME5
174,151,New York,11/1/2024,38.6,68,49.2,3.8,WELCOME5
175,124,Los Angeles,11/19/2024,35.6,69,101.76,4.8,DISCOUNT10
176,141,New York,11/10/2024,23.2,50,60.37,3.6,SAVE20
177,126,Chicago,11/7/2024,48.9,93,139.58,3.7,DISCOUNT10
178,130,New York,11/22/2024,42.7,92,102.1,4.2,DISCOUNT10
179,190,Los Angeles,11/14/2024,37.6,82,41.36,3.5,DISCOUNT10
180,165,Miami,11/12/2024,41,81,21.75,3.8,WELCOME5
181,198,New York,11/22/2024,39.5,61,33.76,4.3,
182,157,Chicago,11/6/2024,22.5,54,59.16,4.7,WELCOME5
183,186,Los Angeles,11/30/2024,30.1,48,16.19,3.8,
184,129,New York,11/21/2024,43.4,72,58.74,4.5,DISCOUNT10
185,118,Miami,11/26/2024,38.3,70,26.84,4.7,DISCOUNT10
186,173,Chicago,11/6/2024,45.9,114,87.21,3.5,
187,161,New York,11/6/2024,32,65,54.23,4,
188,133,Miami,11/18/2024,23.5,54,20.49,4.3,SAVE20
189,178,Chicago,11/11/2024,7.8,14,11.18,3.9,WELCOME5
190,121,Los Angeles,11/14/2024,46.3,96,112.31,3.5,SAVE20
191,152,Miami,11/30/2024,21.5,33,11.02,3.9,DISCOUNT10
192,182,New York,11/27/2024,2.2,5,4.09,4.2,DISCOUNT10
193,200,Los Angeles,11/7/2024,7.5,11,17.1,4.4,
194,194,Los Angeles,11/27/2024,45.9,107,36.77,4.8,SAVE20
195,120,Los Angeles,11/28/2024,24.9,59,24.59,3.9,SAVE20
196,127,San Francisco,11/6/2024,7.5,12,21.2,4.4,
197,187,Los Angeles,11/3/2024,36.7,83,69.47,4.9,
198,157,Los Angeles,11/20/2024,49.6,121,74.61,4.5,WELCOME5
199,122,Los Angeles,11/27/2024,30.1,57,37.4,3.8,SAVE20
200,195,San Francisco,11/30/2024,13.5,25,34.66,4.4,
201,108,San Francisco,11/6/2024,12.1,23,23.53,4.7,WELCOME5
202,156,Miami,11/19/2024,7.4,17,19.98,3.8,WELCOME5
203,148,Miami,11/24/2024,4.6,9,12.55,4.3,
204,150,Los Angeles,11/21/2024,40,89,32.15,4.5,
205,127,New York,11/4/2024,29.5,44,63.37,4.5,DISCOUNT10
206,109,Miami,11/1/2024,42.6,64,29.98,4.5,SAVE20
207,185,Los Angeles,11/18/2024,16,32,45.48,3.8,DISCOUNT10
208,126,New York,11/17/2024,26.9,56,48.92,3.8,WELCOME5
209,114,Miami,11/27/2024,5.9,11,4.25,4.8,WELCOME5
210,166,San Francisco,11/26/2024,38.1,83,39.72,4.3,
211,168,San Francisco,11/14/2024,1,2,0.93,3.7,
212,175,Los Angeles,11/26/2024,35,57,64.07,3.5,DISCOUNT10
213,146,New York,11/19/2024,13.6,29,33.43,4.8,SAVE20
214,139,New York,11/5/2024,39.4,94,50.21,3.6,DISCOUNT10
215,180,Miami,11/13/2024,41.5,72,64.88,3.6,
216,191,Miami,11/28/2024,18.4,37,47.79,4.9,DISCOUNT10
217,163,Miami,11/3/2024,46.3,84,42.15,4.3,DISCOUNT10
218,187,New York,11/27/2024,22.8,42,19.03,4.6,DISCOUNT10
219,198,San Francisco,11/6/2024,7.3,11,12.94,4.5,SAVE20
220,125,Chicago,11/29/2024,29.6,60,88.06,3.7,WELCOME5
221,135,Miami,11/23/2024,39.2,95,24.32,3.8,SAVE20
222,167,Chicago,11/30/2024,23.7,58,49.1,4.3,
223,148,San Francisco,11/13/2024,39.9,70,103.5,3.5,WELCOME5
224,164,San Francisco,11/17/2024,27.6,58,54.36,4.1,
225,163,Chicago,11/30/2024,27.6,67,63.73,3.9,DISCOUNT10
226,122,Chicago,11/17/2024,7.2,13,7.2,3.6,SAVE20
227,109,San Francisco,11/30/2024,10.7,25,31.15,4.9,WELCOME5
228,111,Miami,11/9/2024,19.9,35,21.98,4.3,SAVE20
229,167,New York,11/14/2024,45.1,108,85.44,4,WELCOME5
230,154,Chicago,11/4/2024,30,67,71.71,4.8,DISCOUNT10
231,131,Los Angeles,11/1/2024,6.8,10,13.06,4.2,SAVE20
232,170,San Francisco,11/13/2024,6.2,10,3.49,3.6,
233,138,Chicago,11/8/2024,19.9,47,45.08,3.5,
234,128,Miami,11/28/2024,38.3,61,33.95,3.5,WELCOME5
235,121,New York,11/18/2024,17.2,42,24.36,3.6,SAVE20
236,192,Chicago,11/14/2024,22.9,44,59.61,4.7,DISCOUNT10
237,115,Chicago,11/21/2024,20.2,40,31.76,4.8,
238,163,Los Angeles,11/28/2024,35.7,71,86.19,4.3,WELCOME5
239,194,New York,11/29/2024,43.7,92,61.33,4.2,DISCOUNT10
240,115,Los Angeles,11/7/2024,37.6,58,108.19,4.9,WELCOME5
241,146,San Francisco,11/14/2024,45.4,113,74.85,4.3,DISCOUNT10
242,160,Los Angeles,11/25/2024,36.2,71,42.75,4.8,
243,181,Los Angeles,11/8/2024,31.9,73,42.35,4.4,SAVE20
244,189,Miami,11/12/2024,6.6,16,12.31,4.4,WELCOME5
245,108,Los Angeles,11/14/2024,36.7,67,35.78,4.3,
246,105,Los Angeles,11/29/2024,18.9,44,29.49,3.7,SAVE20
247,140,Los Angeles,11/17/2024,20.4,48,52.35,4.6,WELCOME5
248,119,New York,11/9/2024,26.6,61,33.62,4.6,WELCOME5
249,178,New York,11/5/2024,40.5,61,119.8,5,SAVE20
250,143,San Francisco,11/6/2024,27.3,54,43.35,4.3,WELCOME5
251,175,San Francisco,11/6/2024,48.9,99,26.38,4.4,
252,119,Chicago,11/6/2024,16.6,27,21.39,4,WELCOME5
253,131,New York,11/17/2024,24.3,44,54.08,3.6,
254,199,Miami,11/23/2024,45.9,95,23.32,4,DISCOUNT10
255,101,Chicago,11/15/2024,37.4,87,110.47,4.2,
256,167,Chicago,11/29/2024,38,68,29.59,4.9,
257,127,Los Angeles,11/21/2024,10.8,24,7.57,3.7,DISCOUNT10
258,195,San Francisco,11/20/2024,14,29,20.41,3.6,
259,111,Miami,11/15/2024,32.9,64,87.28,4,
260,106,Miami,11/4/2024,42.8,65,110.76,4.6,DISCOUNT10
261,102,San Francisco,11/26/2024,37.5,84,21.78,3.6,
262,181,New York,11/3/2024,34.8,78,59.94,4.4,
263,102,Chicago,11/11/2024,41.8,89,89.83,3.8,SAVE20
264,181,New York,11/19/2024,5.4,11,15.62,4,
265,185,Chicago,11/9/2024,41.8,78,105.88,4.7,SAVE20
266,187,Chicago,11/3/2024,14.5,31,41.85,3.8,
267,110,Chicago,11/5/2024,38.5,62,113.41,4.3,
268,168,Miami,11/27/2024,43.3,72,87.19,4.6,SAVE20
269,140,Chicago,11/18/2024,22.3,41,36.62,3.6,SAVE20
270,153,New York,11/11/2024,27.7,64,61.04,4,WELCOME5
271,113,San Francisco,11/18/2024,30.6,73,87.25,4.1,SAVE20
272,135,San Francisco,11/3/2024,44.3,92,86.83,4.3,WELCOME5
273,172,Chicago,11/19/2024,47,94,124.83,3.7,
274,128,Miami,11/1/2024,4,6,7.71,4.8,SAVE20
275,186,Chicago,11/10/2024,18.8,34,24.84,4.8,
276,112,New York,11/5/2024,5,9,12.01,4.3,DISCOUNT10
277,137,Los Angeles,11/28/2024,38.1,62,64.61,3.7,SAVE20
278,200,Los Angeles,11/5/2024,3.8,5,9.96,4.3,
279,148,Los Angeles,11/14/2024,40.3,88,23.18,4.3,SAVE20
280,182,San Francisco,11/10/2024,3.3,5,5.59,4.4,SAVE20
281,137,Los Angeles,11/22/2024,13.3,29,24.92,4,
282,194,Chicago,11/18/2024,6.6,12,11.22,4.9,
283,134,Miami,11/6/2024,41,84,22.76,3.8,DISCOUNT10
284,165,Los Angeles,11/22/2024,37.8,83,48.29,3.5,
285,126,San Francisco,11/7/2024,3.9,6,9.01,4,DISCOUNT10
286,144,Los Angeles,11/2/2024,36.1,56,98.15,3.9,
287,109,Miami,11/7/2024,37.2,59,29.42,3.7,SAVE20
288,158,New York,11/24/2024,8.5,21,13.74,4.9,
289,190,San Francisco,11/19/2024,35.2,83,37.19,4.8,
290,125,New York,11/16/2024,42.7,70,38.96,4.6,WELCOME5
291,108,New York,11/22/2024,5,8,12.05,3.6,
292,127,Los Angeles,11/22/2024,22.1,44,61.06,3.8,DISCOUNT10
293,138,Los Angeles,11/14/2024,22.3,45,12.96,3.8,SAVE20
294,146,Miami,11/16/2024,14.6,27,33,4.8,
295,168,Miami,11/12/2024,42.7,83,112.46,4.2,DISCOUNT10
296,108,Miami,11/2/2024,41,65,34.94,3.9,
297,195,New York,11/1/2024,8.4,16,13.45,5,WELCOME5
298,102,Miami,11/3/2024,16.7,32,33.32,4.5,WELCOME5
299,103,Los Angeles,11/30/2024,22,39,21.45,4.3,DISCOUNT10
300,196,Miami,11/13/2024,20.5,39,18.37,3.6,
301,188,Los Angeles,11/5/2024,41.5,86,32.88,4.9,
302,167,San Francisco,11/17/2024,48.8,104,89.77,4.4,DISCOUNT10
303,146,San Francisco,11/17/2024,46.9,107,137.89,3.8,SAVE20
304,107,San Francisco,11/14/2024,1.3,2,1.69,3.9,SAVE20
305,112,New York,11/15/2024,30.2,47,71.63,4.2,WELCOME5
306,157,San Francisco,11/12/2024,21.6,36,11.7,3.7,SAVE20
307,136,Los Angeles,11/24/2024,32.2,74,59.57,4.3,DISCOUNT10
308,155,New York,11/2/2024,10.8,16,12.75,4,DISCOUNT10
309,139,Miami,11/6/2024,33.3,78,56.84,4.7,
310,149,New York,11/22/2024,28.4,49,56.28,4,WELCOME5
311,136,Chicago,11/24/2024,12.8,27,22.72,4.8,SAVE20
312,131,Chicago,11/3/2024,6.8,14,12.66,4.6,
313,160,Los Angeles,11/25/2024,20.3,41,34.23,4.9,WELCOME5
314,117,San Francisco,11/6/2024,40.8,75,54.29,4.4,SAVE20
315,160,Miami,11/18/2024,5.3,12,14.62,4.8,
316,197,San Francisco,11/28/2024,31.6,64,62.32,3.5,WELCOME5
317,106,Los Angeles,11/2/2024,9.4,22,27.41,4.6,DISCOUNT10
318,184,New York,11/24/2024,49.3,84,115.38,4.4,DISCOUNT10
319,125,New York,11/8/2024,1.1,2,0.99,3.8,SAVE20
320,129,Miami,11/8/2024,16.6,25,13.09,4.5,DISCOUNT10
321,128,New York,11/9/2024,10.8,24,24.46,3.8,WELCOME5
322,109,Chicago,11/28/2024,46.6,78,107.5,4.7,WELCOME5
323,172,New York,11/30/2024,21.7,39,34.75,4.2,SAVE20
324,165,Los Angeles,11/10/2024,1.5,2,2.48,4.8,SAVE20
325,115,New York,11/18/2024,25.1,48,34.3,4,DISCOUNT10
326,115,New York,11/2/2024,8.2,16,8.68,4.2,DISCOUNT10
327,111,San Francisco,11/15/2024,2.3,4,6.89,4.8,DISCOUNT10
328,181,New York,11/5/2024,33.8,52,87.43,4.9,WELCOME5
329,160,New York,11/27/2024,24.5,56,19.41,4.4,
330,186,New York,11/8/2024,13.3,26,26.47,4.6,DISCOUNT10
331,145,Los Angeles,11/10/2024,17.7,39,30.19,3.6,
332,160,Miami,11/7/2024,30.6,63,38.9,3.7,
333,183,Miami,11/7/2024,48.2,93,71.15,3.5,
334,119,Chicago,11/15/2024,47.9,105,34.07,4.8,SAVE20
335,182,New York,11/6/2024,41,88,53.44,3.6,SAVE20
336,129,Los Angeles,11/24/2024,40.6,86,97.2,3.7,WELCOME5
337,178,Chicago,11/23/2024,36.2,88,86.42,4.7,DISCOUNT10
338,133,Los Angeles,11/30/2024,14.6,33,27.32,4.3,
339,120,Chicago,11/19/2024,4.9,8,9.09,4.5,
340,114,Los Angeles,11/17/2024,39.4,76,33.68,4.9,DISCOUNT10
341,113,Chicago,11/10/2024,11.4,24,9.13,3.9,
342,143,Chicago,11/16/2024,10.3,19,6.2,4.2,SAVE20
343,109,New York,11/2/2024,13,25,37.26,5,
344,133,Miami,11/19/2024,33,66,79.04,4.8,DISCOUNT10
345,115,Miami,11/12/2024,16,27,29.53,4,
346,180,Los Angeles,11/20/2024,32.5,55,48.96,4.6,
347,102,San Francisco,11/24/2024,18.6,32,53.81,4.4,
348,198,Los Angeles,11/4/2024,33.4,72,27.57,4,
349,136,Miami,11/30/2024,26.2,39,55.88,3.5,WELCOME5
350,156,New York,11/7/2024,16.1,39,28.45,4.3,DISCOUNT10
351,169,San Francisco,11/24/2024,14.7,26,36.87,4.5,DISCOUNT10
352,119,Miami,11/22/2024,18.4,36,48.33,3.9,
353,170,Los Angeles,11/17/2024,4.4,10,5.39,4.4,WELCOME5
354,126,Los Angeles,11/2/2024,14,29,22.49,3.7,SAVE20
355,180,Miami,11/11/2024,30.8,53,37.88,4.5,
356,107,New York,11/19/2024,31.3,68,61.76,4.4,
357,158,San Francisco,11/19/2024,38,84,86.11,4.5,
358,155,San Francisco,11/15/2024,27.9,54,34.68,3.6,WELCOME5
359,131,San Francisco,11/5/2024,12.1,20,34.06,4.7,WELCOME5
360,125,San Francisco,11/11/2024,40.5,79,45.31,4.2,
361,115,Los Angeles,11/6/2024,12.3,25,21.22,4.2,WELCOME5
362,137,San Francisco,11/14/2024,1.1,2,3,4,
363,175,Chicago,11/7/2024,20.8,39,58.31,3.9,WELCOME5
364,158,New York,11/16/2024,35.9,58,91.2,4.6,DISCOUNT10
365,123,Miami,11/4/2024,25.8,59,31.84,4.6,
366,180,Los Angeles,11/15/2024,27.5,65,67.01,4.6,
367,179,Miami,11/14/2024,12.3,18,13.52,4.2,
368,131,Los Angeles,11/3/2024,1.5,2,0.92,4.5,DISCOUNT10
369,189,New York,11/8/2024,18,32,21.73,4.1,SAVE20
370,145,San Francisco,11/19/2024,23,53,53.02,4.9,DISCOUNT10
371,120,Los Angeles,11/24/2024,35.4,64,67.7,4,DISCOUNT10
372,196,New York,11/14/2024,1.4,2,3.72,4.8,SAVE20
373,123,Miami,11/14/2024,15.3,32,40.96,3.9,
374,156,San Francisco,11/17/2024,3.5,8,8.31,4.7,
375,186,Chicago,11/9/2024,15.7,35,34.91,4.4,SAVE20
376,148,Chicago,11/23/2024,3.3,5,1.86,4.9,WELCOME5
377,144,New York,11/20/2024,15.3,34,13.81,4.8,SAVE20
378,200,San Francisco,11/20/2024,16.7,41,31.77,4.5,WELCOME5
379,108,Chicago,11/6/2024,40.3,92,56.68,4.2,WELCOME5
380,136,Los Angeles,11/12/2024,14.3,22,8.02,4.7,WELCOME5
381,166,Miami,11/21/2024,20.7,36,33.83,3.8,SAVE20
382,158,Los Angeles,11/24/2024,24.3,52,57.45,4.2,SAVE20
383,200,Los Angeles,11/24/2024,30,73,88.85,3.6,WELCOME5
384,127,Chicago,11/7/2024,38,72,77.58,4.7,WELCOME5
385,129,Miami,11/27/2024,43.4,69,109.45,3.5,WELCOME5
386,114,Los Angeles,11/1/2024,30.1,65,61.66,3.6,SAVE20
387,168,New York,11/23/2024,30.4,67,59.6,4,WELCOME5
388,102,New York,11/3/2024,3.5,8,10.48,5,DISCOUNT10
389,159,Miami,11/25/2024,18.7,31,23.07,4.5,WELCOME5
390,106,San Francisco,11/12/2024,47.8,99,135.8,4.1,SAVE20
391,136,Los Angeles,11/26/2024,14.6,32,8.12,4.4,DISCOUNT10
392,136,San Francisco,11/28/2024,42.3,80,87.02,4.1,WELCOME5
393,167,San Francisco,11/12/2024,18.7,36,50.16,4.7,
394,115,Chicago,11/21/2024,1.3,2,2.57,4.4,WELCOME5
395,198,New York,11/11/2024,13,23,7.92,4.5,DISCOUNT10
396,178,Los Angeles,11/13/2024,11.6,28,29.59,4.5,SAVE20
397,131,Chicago,11/19/2024,14.6,35,40.25,4.3,DISCOUNT10
398,134,Los Angeles,11/25/2024,11.2,21,20.38,4.6,
399,120,New York,11/26/2024,22.1,47,11.94,5,DISCOUNT10
400,108,Los Angeles,11/29/2024,17.7,41,17.21,4.1,DISCOUNT10
401,148,New York,11/3/2024,47.6,101,26.22,4.5,SAVE20
402,200,Los Angeles,11/10/2024,2.5,4,4.15,4.5,SAVE20
403,170,Los Angeles,11/6/2024,41.4,73,54.7,3.8,DISCOUNT10
404,159,Miami,11/11/2024,36.8,82,78.74,4.8,SAVE20
405,185,San Francisco,11/14/2024,37.1,66,93.06,3.5,DISCOUNT10
406,139,New York,11/4/2024,39.5,88,106.16,4.8,WELCOME5
407,150,Chicago,11/18/2024,41.3,101,24.62,3.6,DISCOUNT10
408,180,New York,11/15/2024,19.5,41,10.18,4.1,SAVE20
409,102,San Francisco,11/8/2024,28.3,62,42.99,3.7,
410,196,Miami,11/3/2024,33.9,63,52.02,4.3,
411,128,San Francisco,11/18/2024,48.1,85,114.26,4.8,DISCOUNT10
412,174,New York,11/21/2024,43,84,54.95,4.9,
413,141,Chicago,11/29/2024,25.3,44,20.57,3.5,DISCOUNT10
414,196,Los Angeles,11/25/2024,47.2,92,24.7,4.1,SAVE20
415,145,New York,11/23/2024,28.8,65,83.27,4.8,DISCOUNT10
416,129,Chicago,11/4/2024,12.4,20,14.34,3.5,DISCOUNT10
417,155,Los Angeles,11/28/2024,31.1,72,28.61,3.9,WELCOME5
418,168,Chicago,11/5/2024,8.4,20,15.94,4.2,
419,145,New York,11/26/2024,14.4,27,23.04,3.6,DISCOUNT10
420,198,San Francisco,11/25/2024,31,68,27.37,4,SAVE20
421,158,Los Angeles,11/29/2024,31.9,49,66.02,4.8,SAVE20
422,114,Chicago,11/25/2024,17.9,31,44.97,3.6,SAVE20
423,129,New York,11/2/2024,16.1,32,35.92,4.8,SAVE20
424,165,Los Angeles,11/23/2024,30.7,59,24.58,4.8,DISCOUNT10
425,165,San Francisco,11/1/2024,7.9,17,20.44,4.5,DISCOUNT10
426,183,New York,11/10/2024,43.9,73,123.9,4.1,WELCOME5
427,119,Chicago,11/15/2024,21.1,36,41.49,4.8,DISCOUNT10
428,151,Los Angeles,11/15/2024,41.6,101,87.92,4.9,
429,126,New York,11/2/2024,16.5,40,9.14,3.7,
430,115,Chicago,11/14/2024,20.8,31,60.85,3.7,SAVE20
431,190,Miami,11/5/2024,1.6,3,3.98,4.5,WELCOME5
432,200,Miami,11/14/2024,33.3,68,27.7,4.5,WELCOME5
433,105,Los Angeles,11/2/2024,21.8,35,63.09,4.1,DISCOUNT10
434,176,Miami,11/8/2024,24.2,36,18.64,5,DISCOUNT10
435,129,Chicago,11/24/2024,38.6,68,36.73,4.4,
436,134,Los Angeles,11/27/2024,7.3,18,8.01,4,WELCOME5
437,128,Chicago,11/4/2024,1.2,2,2.85,4.8,DISCOUNT10
438,130,Los Angeles,11/30/2024,48.9,74,112.91,4.7,WELCOME5
439,133,San Francisco,11/17/2024,9.8,20,16.15,4.9,SAVE20
440,139,San Francisco,11/12/2024,34.8,57,99.91,4,DISCOUNT10
441,158,New York,11/23/2024,34.2,55,101.98,4.6,DISCOUNT10
442,163,Chicago,11/12/2024,45.9,104,35.79,4.6,
443,116,Chicago,11/25/2024,49,75,54.07,4.4,SAVE20
444,135,San Francisco,11/20/2024,39.1,72,109.65,3.8,
445,120,Chicago,11/7/2024,18.1,36,20.96,4.4,DISCOUNT10
446,138,Chicago,11/6/2024,10.6,23,23.39,4.9,DISCOUNT10
447,134,Chicago,11/12/2024,47.1,78,42.55,4.7,
448,195,New York,11/27/2024,15.2,36,27.21,4.1,
449,120,Chicago,11/20/2024,21.6,47,24.99,4.8,
450,163,Los Angeles,11/26/2024,4,6,9.17,4,WELCOME5
451,178,New York,11/12/2024,19.5,34,38.3,4.6,DISCOUNT10
452,198,New York,11/2/2024,12.1,19,30.61,3.7,WELCOME5
453,154,Miami,11/30/2024,22.1,44,66.27,4.7,SAVE20
454,177,San Francisco,11/6/2024,1.9,3,3.25,4.5,
455,177,New York,11/7/2024,27.3,61,60.56,3.8,DISCOUNT10
456,112,New York,11/3/2024,40.8,66,69.68,4.1,WELCOME5
457,126,Los Angeles,11/10/2024,25.8,59,20.87,3.7,SAVE20
458,164,Chicago,11/25/2024,47.8,88,31.48,4.7,WELCOME5
459,143,San Francisco,11/2/2024,33.1,61,36.84,4.5,DISCOUNT10
460,129,Miami,11/26/2024,27.7,67,18.76,4.8,SAVE20
461,183,New York,11/29/2024,3.1,4,8.24,3.8,SAVE20
462,155,San Francisco,11/17/2024,35.3,83,91.92,4.7,SAVE20
463,135,Los Angeles,11/17/2024,33.3,50,96.52,4.8,DISCOUNT10
464,141,Chicago,11/22/2024,21.1,39,29.6,4.8,SAVE20
465,109,New York,11/14/2024,49.3,113,75.12,3.9,WELCOME5
466,147,Miami,11/17/2024,11.1,26,23.91,4.6,DISCOUNT10
467,124,New York,11/26/2024,11.4,22,24.16,4.9,SAVE20
468,197,Chicago,11/11/2024,46.7,107,50.02,3.6,
469,185,Los Angeles,11/30/2024,33.4,77,73.07,4.7,WELCOME5
470,199,Chicago,11/25/2024,49.7,102,86.6,4.7,
471,153,Chicago,11/22/2024,38.5,60,53.44,4.1,WELCOME5
472,155,San Francisco,11/30/2024,46.9,113,121.42,4.7,
473,140,New York,11/16/2024,35.2,79,71.61,3.7,
474,125,Chicago,11/11/2024,22.6,39,33,4.9,DISCOUNT10
475,119,Los Angeles,11/20/2024,32,74,31.28,4.9,
476,107,Miami,11/26/2024,2.1,4,6,3.9,SAVE20
477,120,New York,11/22/2024,23.2,36,30.63,3.5,SAVE20
478,104,New York,11/11/2024,11.5,24,12.97,4.7,SAVE20
479,157,Miami,11/7/2024,42.4,94,87.72,4.2,SAVE20
480,120,Los Angeles,11/15/2024,39.1,97,63.3,4.6,WELCOME5
481,200,Miami,11/9/2024,44,66,41.5,3.8,
482,179,New York,11/12/2024,21.6,41,11.11,3.6,
483,140,San Francisco,11/29/2024,29.6,63,79.66,3.5,SAVE20
484,195,New York,11/9/2024,23.1,46,50.28,4.9,DISCOUNT10
485,105,New York,11/3/2024,41.5,65,119.45,3.9,DISCOUNT10
486,167,New York,11/13/2024,19.4,38,29.98,4.3,
487,197,San Francisco,11/30/2024,12.2,25,19.25,4,
488,147,Miami,11/23/2024,42,94,93.72,4,DISCOUNT10
489,121,Chicago,11/27/2024,44.2,82,38.25,3.8,
490,196,Miami,11/1/2024,21.5,37,15.49,4,SAVE20
491,152,San Francisco,11/24/2024,6.6,10,9.58,4.5,SAVE20
492,160,New York,11/30/2024,9.1,19,12.05,3.6,
493,112,San Francisco,11/18/2024,45.2,91,48.54,3.9,WELCOME5
494,124,Los Angeles,11/20/2024,22.7,38,53.83,3.8,WELCOME5
495,156,Miami,11/7/2024,18.5,30,50.9,3.5,WELCOME5
496,184,Los Angeles,11/23/2024,28.4,50,29.95,3.6,
497,135,San Francisco,11/9/2024,16.7,39,9.03,3.9,
498,161,Miami,11/30/2024,24.2,57,27.56,4.3,
499,113,Miami,11/20/2024,38.5,76,32.15,3.8,
500,176,Miami,11/6/2024,42.7,83,69.22,4.8,
501,153,Miami,11/30/2024,11.6,22,27.72,4.7,WELCOME5
502,148,Chicago,11/16/2024,33,65,70.22,4.6,DISCOUNT10
503,181,New York,11/22/2024,31.8,63,78.92,4.5,DISCOUNT10
504,174,San Francisco,11/3/2024,20,31,43.72,4,DISCOUNT10
505,114,New York,11/28/2024,35,57,99.87,4.4,DISCOUNT10
506,137,New York,11/22/2024,1.3,3,2.42,4,WELCOME5
507,188,Los Angeles,11/25/2024,48.8,111,103.88,5,DISCOUNT10
508,149,Los Angeles,11/22/2024,4.3,7,9.63,4.9,SAVE20
509,155,Los Angeles,11/1/2024,46.9,110,40.35,4.7,SAVE20
510,131,New York,11/5/2024,27.4,52,22.16,4.4,
511,137,Chicago,11/17/2024,11.5,19,22.12,3.9,
512,168,Chicago,11/9/2024,45.9,81,86.63,4.2,SAVE20
513,142,Miami,11/14/2024,42.8,99,81.21,4.2,
514,189,Chicago,11/11/2024,32.3,62,89.85,5,SAVE20
515,175,San Francisco,11/29/2024,45.3,88,42.47,4.5,WELCOME5
516,184,Miami,11/10/2024,27,57,24.79,4,SAVE20
517,128,New York,11/26/2024,36,63,61.21,4.7,
518,104,San Francisco,11/11/2024,21.3,35,33.04,4.3,DISCOUNT10
519,174,Miami,11/21/2024,39.5,67,55.98,3.8,DISCOUNT10
520,135,Los Angeles,11/30/2024,17.8,34,31.55,3.9,
521,128,Chicago,11/1/2024,13.5,28,12.55,4.2,
522,116,San Francisco,11/11/2024,14.4,24,33.3,4.1,SAVE20
523,182,Chicago,11/14/2024,32.6,53,29.75,3.7,
524,198,New York,11/5/2024,27.5,47,21.07,4.8,
525,173,Chicago,11/29/2024,37,59,20.72,4.4,DISCOUNT10
526,131,Chicago,11/23/2024,37.4,56,68.9,4.4,
527,185,Los Angeles,11/26/2024,31.5,74,82.35,3.8,DISCOUNT10
528,144,Los Angeles,11/8/2024,21.4,42,34.14,4.4,
529,115,Los Angeles,11/28/2024,32,60,18.23,4.8,DISCOUNT10
530,116,Los Angeles,11/14/2024,46,88,28.07,4.2,WELCOME5
531,105,Miami,11/26/2024,14.2,26,33.51,4.3,DISCOUNT10
532,123,Chicago,11/30/2024,48.9,103,34.88,3.9,WELCOME5
533,151,San Francisco,11/30/2024,15.7,28,11.16,4.4,SAVE20
534,179,Miami,11/16/2024,30.9,58,81.65,3.9,
535,169,Los Angeles,11/11/2024,41.9,94,76.26,3.5,WELCOME5
536,133,Los Angeles,11/12/2024,25.4,38,42.05,4.1,
537,134,New York,11/16/2024,40.2,81,55.61,3.7,WELCOME5
538,200,Chicago,11/16/2024,11.2,23,13.2,4.2,
539,148,Los Angeles,11/27/2024,28.5,43,52.95,3.5,WELCOME5
540,125,Miami,11/23/2024,13.8,30,18.81,4.9,SAVE20
541,196,Miami,11/28/2024,33.6,73,57.94,4.3,SAVE20
542,142,New York,11/6/2024,24.4,48,20.79,5,SAVE20
543,161,Chicago,11/5/2024,20.6,37,15.72,3.8,WELCOME5
544,113,Miami,11/5/2024,21.6,34,36.83,4.9,DISCOUNT10
545,197,New York,11/25/2024,22.4,36,63.32,4.8,WELCOME5
546,140,New York,11/5/2024,38.4,73,78.2,3.7,DISCOUNT10
547,197,Los Angeles,11/2/2024,4.6,11,9.22,4.7,DISCOUNT10
548,153,Chicago,11/3/2024,9.1,14,14.92,3.9,WELCOME5
549,189,Miami,11/16/2024,3.1,6,9.07,4.9,SAVE20
550,152,Chicago,11/11/2024,4.4,10,4.78,4.1,WELCOME5
551,181,New York,11/6/2024,27.8,44,51.78,4.9,WELCOME5
552,145,San Francisco,11/7/2024,17.1,29,31.3,4.6,WELCOME5
553,197,Miami,11/27/2024,13.1,31,7.82,4.9,WELCOME5
554,154,New York,11/15/2024,34.1,74,90.18,4.8,DISCOUNT10
555,118,Chicago,11/22/2024,36.1,58,87.73,3.8,DISCOUNT10
556,149,San Francisco,11/15/2024,23.4,58,27.87,4.2,WELCOME5
557,113,Chicago,11/22/2024,31.3,75,43.22,3.9,
558,185,Miami,11/19/2024,34.9,60,62.32,4.4,SAVE20
559,111,San Francisco,11/14/2024,5.5,13,10.15,4.2,DISCOUNT10
560,172,New York,11/3/2024,9.2,15,14.98,4.5,SAVE20
561,117,Miami,11/3/2024,22.8,36,35.29,4.3,
562,200,Los Angeles,11/11/2024,23.2,35,32.83,4.5,WELCOME5
563,144,Miami,11/14/2024,45.9,103,88.96,4.2,WELCOME5
564,169,Chicago,11/4/2024,24.7,52,48.71,4.7,DISCOUNT10
565,150,San Francisco,11/28/2024,8.3,15,17.34,4.7,DISCOUNT10
566,136,Miami,11/29/2024,22.6,46,47.62,4.7,DISCOUNT10
567,122,Los Angeles,11/30/2024,13.6,33,39.93,4.9,
568,187,San Francisco,11/21/2024,38.1,83,22.53,3.8,WELCOME5
569,107,New York,11/6/2024,4.6,10,4.93,4.2,DISCOUNT10
570,165,New York,11/17/2024,16.7,25,25.79,5,SAVE20
571,151,Los Angeles,11/15/2024,31.1,69,89.54,3.6,SAVE20
572,108,Los Angeles,11/4/2024,20.9,34,43.72,4.3,
573,169,Miami,11/22/2024,16.9,33,39.98,4.9,SAVE20
574,194,Miami,11/17/2024,27.9,57,53.76,4.2,
575,198,Los Angeles,11/26/2024,47.2,114,98.14,4.8,WELCOME5
576,110,San Francisco,11/21/2024,16,33,9.7,4.3,DISCOUNT10
577,119,Los Angeles,11/10/2024,30.5,68,67.42,4.4,DISCOUNT10
578,113,New York,11/20/2024,4.1,8,10.05,4.7,WELCOME5
579,174,Chicago,11/3/2024,44.1,88,75.58,4.5,
580,191,San Francisco,11/21/2024,2.8,6,5.47,4.9,SAVE20
581,163,Chicago,11/17/2024,34.5,59,35.81,4,WELCOME5
582,138,Los Angeles,11/13/2024,7.2,13,4.13,3.8,DISCOUNT10
583,174,Chicago,11/23/2024,17.5,42,27.82,4.5,WELCOME5
584,150,San Francisco,11/4/2024,21.7,36,34.02,4.4,
585,122,Los Angeles,11/25/2024,27.2,58,79.71,3.7,WELCOME5
586,143,Miami,11/6/2024,36.9,62,52.35,4.9,WELCOME5
587,132,Los Angeles,11/21/2024,38.4,69,76.37,3.5,WELCOME5
588,102,New York,11/21/2024,3.8,9,5.79,4.2,DISCOUNT10
589,171,Chicago,11/17/2024,1.3,2,0.92,3.5,WELCOME5
590,137,San Francisco,11/13/2024,38.4,74,40.72,4.9,WELCOME5
591,150,San Francisco,11/9/2024,19.4,47,44.52,3.7,
592,123,Miami,11/11/2024,14.5,35,24.44,3.5,
593,177,Los Angeles,11/29/2024,39.1,59,35.9,3.7,DISCOUNT10
594,180,Los Angeles,11/29/2024,23.5,55,32.43,3.8,SAVE20
595,178,New York,11/19/2024,35.1,79,97.05,4.4,WELCOME5
596,165,Chicago,11/27/2024,8,18,4.84,4.8,SAVE20
597,170,Chicago,11/24/2024,19.5,44,37.5,4.4,SAVE20
598,144,San Francisco,11/25/2024,34.3,60,61.9,3.7,SAVE20
599,109,Miami,11/27/2024,6.7,13,13.36,3.9,DISCOUNT10
600,142,Los Angeles,11/4/2024,16.9,34,36.18,3.9,DISCOUNT10
601,121,San Francisco,11/30/2024,15.7,29,12.93,4.4,DISCOUNT10
602,195,Chicago,11/8/2024,11.7,23,22.46,3.9,
603,145,San Francisco,11/11/2024,13.9,26,7.01,4.5,DISCOUNT10
604,107,Miami,11/16/2024,2.7,4,7.95,4.9,SAVE20
605,126,Miami,11/16/2024,3.1,7,7.15,4,DISCOUNT10
606,109,Chicago,11/6/2024,31.4,77,91.42,4.3,DISCOUNT10
607,161,Miami,11/14/2024,35.3,71,40.63,4.2,WELCOME5
608,153,San Francisco,11/7/2024,37.7,64,36.66,5,WELCOME5
609,107,Los Angeles,11/25/2024,21.6,37,62.44,4.1,DISCOUNT10
610,199,Los Angeles,11/12/2024,16.7,27,39.23,4.3,DISCOUNT10
611,133,Miami,11/24/2024,2.1,5,3.64,4.5,SAVE20
612,194,Los Angeles,11/16/2024,1.3,2,2.14,5,WELCOME5
613,126,Chicago,11/25/2024,16.9,26,35,4.8,SAVE20
614,134,Chicago,11/22/2024,22.6,51,49.23,4.2,SAVE20
615,103,Miami,11/8/2024,6.5,14,9.82,4.7,
616,172,Chicago,11/4/2024,17.1,40,46.93,4.5,WELCOME5
617,119,San Francisco,11/28/2024,25.2,56,58.82,3.9,WELCOME5
618,103,Miami,11/13/2024,12.3,30,32.93,4.9,
619,162,Chicago,11/16/2024,11,17,23.94,3.6,DISCOUNT10
620,185,New York,11/30/2024,1.1,2,1.76,3.8,DISCOUNT10
621,196,Chicago,11/22/2024,32.9,76,84.79,4.2,WELCOME5
622,199,New York,11/4/2024,33.5,51,58.69,4.2,SAVE20
623,196,New York,11/17/2024,41.7,71,104.57,4.8,WELCOME5
624,136,Miami,11/15/2024,2.3,4,3.34,4.7,DISCOUNT10
625,182,San Francisco,11/7/2024,9.1,16,22.33,3.5,SAVE20
626,147,Los Angeles,11/19/2024,48.4,77,54.42,4.6,SAVE20
627,101,Los Angeles,11/28/2024,22.3,37,33.5,3.9,WELCOME5
628,168,Los Angeles,11/19/2024,25.7,56,20.42,4.9,SAVE20
629,167,Los Angeles,11/13/2024,17.5,38,50.72,4.1,SAVE20
630,128,Chicago,11/23/2024,13.9,29,11.72,4.5,SAVE20
631,157,Chicago,11/28/2024,15.5,32,45.93,4.6,
632,186,Los Angeles,11/5/2024,45.2,80,85.55,4.4,WELCOME5
633,175,Miami,11/3/2024,37,72,110.5,4,
634,188,Los Angeles,11/11/2024,16.3,29,12.04,4.8,
635,195,Miami,11/11/2024,49.8,90,32.05,3.6,
636,194,Miami,11/3/2024,6.2,10,17.3,4.2,WELCOME5
637,141,New York,11/18/2024,27.7,43,75.27,4.6,SAVE20
638,178,Miami,11/30/2024,9.9,23,4.97,3.7,WELCOME5
639,198,Chicago,11/21/2024,5.1,8,10.89,3.9,SAVE20
640,180,Chicago,11/12/2024,15.9,32,38.03,4.4,SAVE20
641,131,Chicago,11/27/2024,47.2,103,60.1,4.3,SAVE20
642,109,San Francisco,11/4/2024,26.6,59,21.67,4.9,DISCOUNT10
643,175,San Francisco,11/27/2024,25.3,59,30.03,4.1,
644,181,San Francisco,11/25/2024,25.8,63,56.39,4.6,WELCOME5
645,132,Miami,11/16/2024,35.2,64,93.39,3.5,WELCOME5
646,119,Los Angeles,11/20/2024,25.2,59,59.49,4.8,
647,152,Chicago,11/27/2024,23.4,36,30.47,3.5,DISCOUNT10
648,101,Chicago,11/25/2024,24.7,53,19.85,4.6,SAVE20
649,108,New York,11/5/2024,9.4,18,14.77,4,DISCOUNT10
650,128,Chicago,11/17/2024,46.4,84,124.26,3.9,WELCOME5
651,176,New York,11/3/2024,17.7,28,10.45,4.4,
652,163,Los Angeles,11/24/2024,16.1,35,26.68,3.6,WELCOME5
653,140,Miami,11/18/2024,35.5,86,86.95,4.9,SAVE20
654,127,Miami,11/17/2024,11.9,25,16.44,4.7,WELCOME5
655,190,Los Angeles,11/20/2024,42.6,74,49.03,3.9,
656,145,New York,11/12/2024,49.2,97,55.75,4.3,SAVE20
657,110,San Francisco,11/7/2024,1.6,2,1.05,4.4,WELCOME5
658,149,New York,11/8/2024,29.8,48,68.07,3.5,WELCOME5
659,171,New York,11/24/2024,26.5,65,28.56,4.4,SAVE20
660,119,Chicago,11/18/2024,3,4,2.56,4,WELCOME5
661,117,Miami,11/22/2024,34.9,54,19.91,4.5,
662,123,Miami,11/24/2024,26.2,59,38.01,4.3,SAVE20
663,185,New York,11/16/2024,23.5,56,43.01,3.7,SAVE20
664,146,New York,11/3/2024,32.6,62,48.13,4.7,SAVE20
665,101,San Francisco,11/29/2024,18.1,37,19.95,4.7,DISCOUNT10
666,169,San Francisco,11/11/2024,12.7,27,13.89,4.9,SAVE20
667,149,San Francisco,11/26/2024,16.6,27,45.39,4.1,
668,162,Los Angeles,11/22/2024,36.8,91,89.64,4.4,
669,184,Los Angeles,11/25/2024,36.2,74,73.67,4.8,SAVE20
670,163,Miami,11/26/2024,37,88,81.17,4.1,WELCOME5
671,184,Miami,11/22/2024,42.2,78,74.18,4.1,DISCOUNT10
672,200,Miami,11/7/2024,43.7,84,127.86,3.9,DISCOUNT10
673,188,San Francisco,11/9/2024,34,68,89.69,4.7,
674,191,New York,11/7/2024,49.1,114,42.33,3.6,WELCOME5
675,115,Miami,11/7/2024,28.7,71,52.71,3.9,
676,186,Los Angeles,11/15/2024,34.5,64,20.3,4.1,WELCOME5
677,173,Miami,11/8/2024,2.1,4,2.58,4.4,SAVE20
678,185,Chicago,11/10/2024,27.1,66,50.48,4.4,DISCOUNT10
679,196,San Francisco,11/16/2024,18.1,39,49.03,3.6,SAVE20
680,140,Miami,11/28/2024,37.2,89,80.75,4,WELCOME5
681,145,New York,11/7/2024,7.6,18,10.89,3.6,WELCOME5
682,152,San Francisco,11/20/2024,13.7,29,13.11,4,
683,195,Los Angeles,11/20/2024,23.3,55,59.58,4.9,WELCOME5
684,118,Chicago,11/24/2024,21.5,41,50.64,4.8,WELCOME5
685,152,Chicago,11/5/2024,8.6,15,23.63,4.5,DISCOUNT10
686,121,Miami,11/20/2024,13.9,30,40.02,3.7,
687,179,Miami,11/24/2024,29.2,46,35.35,4.4,DISCOUNT10
688,116,New York,11/27/2024,33.2,78,76.07,4.6,
689,128,Chicago,11/2/2024,27,52,39.72,3.9,SAVE20
690,166,Los Angeles,11/20/2024,33.8,68,75.18,4.3,
691,141,Chicago,11/2/2024,22.1,53,39.39,3.7,
692,109,New York,11/10/2024,16,27,15.32,3.6,DISCOUNT10
693,175,San Francisco,11/15/2024,36.9,59,104.78,3.7,DISCOUNT10
694,167,Chicago,11/12/2024,35.8,68,45.47,4,SAVE20
695,135,San Francisco,11/17/2024,10.5,17,11.41,4.8,SAVE20
696,171,New York,11/21/2024,45.4,85,23.16,3.9,DISCOUNT10
697,115,Chicago,11/9/2024,24.9,60,28.82,4,WELCOME5
698,173,Chicago,11/28/2024,27.4,62,78.57,4.4,SAVE20
699,128,Los Angeles,11/21/2024,42.1,83,55.45,3.8,DISCOUNT10
700,141,New York,11/26/2024,31.2,65,31.05,4.6,WELCOME5
701,116,San Francisco,11/20/2024,28.9,46,58.36,4.9,
702,140,Chicago,11/2/2024,15,36,22.85,3.6,WELCOME5
703,158,Chicago,11/8/2024,47.7,102,116.73,3.9,DISCOUNT10
704,195,Miami,11/26/2024,29.4,58,38.47,4.5,SAVE20
705,161,San Francisco,11/22/2024,28.6,49,57.61,4.4,SAVE20
706,185,San Francisco,11/10/2024,49.6,82,37.04,4.5,
707,198,Los Angeles,11/17/2024,28.8,49,26.25,4,SAVE20
708,107,New York,11/9/2024,34.4,56,39.17,4.8,WELCOME5
709,152,Miami,11/5/2024,4.3,7,4.32,4.2,
710,145,Los Angeles,11/25/2024,48.7,121,78.57,4.5,
711,162,San Francisco,11/24/2024,49.4,74,56.34,3.7,WELCOME5
712,147,San Francisco,11/11/2024,38.5,58,74.69,4.9,
713,170,Chicago,11/15/2024,27.9,60,81.62,4.2,SAVE20
714,108,Chicago,11/19/2024,28.7,64,69.03,4.6,SAVE20
715,140,San Francisco,11/27/2024,14.9,25,41.11,4.6,SAVE20
716,143,Los Angeles,11/26/2024,44.7,72,102.88,4.7,
717,138,Miami,11/26/2024,47.5,87,92.43,4.1,
718,120,San Francisco,11/24/2024,6.3,13,18.39,5,SAVE20
719,111,Los Angeles,11/17/2024,15,34,32.46,4,DISCOUNT10
720,141,Chicago,11/5/2024,38.3,64,20.38,4.2,
721,103,Chicago,11/28/2024,20.8,35,60.78,4.7,DISCOUNT10
722,192,Miami,11/8/2024,8.7,20,7.61,4.3,WELCOME5
723,148,Miami,11/22/2024,30.6,75,29.79,3.6,DISCOUNT10
724,200,Los Angeles,11/16/2024,16.1,38,46.82,3.5,WELCOME5
725,185,Chicago,11/28/2024,20.6,35,59.61,4.5,SAVE20
726,193,San Francisco,11/14/2024,45.6,70,117.39,4.4,
727,170,New York,11/23/2024,42.4,79,109.85,4.6,SAVE20
728,145,San Francisco,11/16/2024,12.7,23,7.47,4.9,WELCOME5
729,194,San Francisco,11/10/2024,20.4,49,56.99,4.4,DISCOUNT10
730,181,Los Angeles,11/10/2024,26.7,55,56.28,4.7,WELCOME5
731,197,Miami,11/12/2024,23.8,39,33.27,4.8,WELCOME5
732,173,New York,11/20/2024,11.1,23,29.71,4.3,DISCOUNT10
733,189,Los Angeles,11/29/2024,46.6,86,74.08,4.4,DISCOUNT10
734,104,Miami,11/26/2024,23,41,59.44,4.3,SAVE20
735,147,Chicago,11/19/2024,8.9,20,13.47,4.9,WELCOME5
736,168,New York,11/8/2024,37.5,75,112.08,4.5,SAVE20
737,199,New York,11/27/2024,10.9,16,20.51,4.8,
738,104,Chicago,11/3/2024,17,29,33.85,3.5,DISCOUNT10
739,125,Miami,11/13/2024,36.2,74,62.06,3.8,DISCOUNT10
740,133,Los Angeles,11/21/2024,32.7,65,78,4.3,SAVE20
741,188,Miami,11/30/2024,18.4,41,35.15,4.1,SAVE20
742,143,Miami,11/30/2024,33.9,52,25.17,4.6,SAVE20
743,168,Miami,11/15/2024,40.8,79,65.08,3.5,SAVE20
744,141,San Francisco,11/24/2024,1,2,2.63,4.9,WELCOME5
745,187,San Francisco,11/11/2024,38.7,90,95.07,4.5,
746,101,San Francisco,11/7/2024,32,52,17.8,4.6,
747,114,New York,11/5/2024,18.9,33,24.68,4.4,SAVE20
748,143,San Francisco,11/13/2024,24.1,58,28.91,4.3,WELCOME5
749,110,Los Angeles,11/27/2024,13.9,26,37.92,4.7,
750,123,San Francisco,11/11/2024,10.2,23,28.52,4.2,SAVE20
751,161,Chicago,11/4/2024,1.1,2,1.04,4.4,DISCOUNT10
752,122,San Francisco,11/29/2024,1.5,3,1.5,4.9,
753,123,Chicago,11/28/2024,40.6,61,116.74,3.7,SAVE20
754,103,New York,11/5/2024,1.8,3,3.57,4.9,WELCOME5
755,191,Chicago,11/4/2024,17.4,37,27.05,4.8,DISCOUNT10
756,110,Miami,11/6/2024,14.2,28,28.15,3.5,DISCOUNT10
757,187,Los Angeles,11/28/2024,46.1,73,114.91,4.6,WELCOME5
758,124,Miami,11/16/2024,34.9,80,90.14,4.1,WELCOME5
759,175,San Francisco,11/4/2024,30.4,56,24,3.5,WELCOME5
760,158,New York,11/10/2024,22.6,54,52.49,4.1,DISCOUNT10
761,161,Miami,11/23/2024,20.8,34,59.08,4.1,WELCOME5
762,133,Chicago,11/30/2024,7.1,15,12.74,4.3,DISCOUNT10
763,125,Chicago,11/8/2024,28.3,59,24.35,3.7,SAVE20
764,149,San Francisco,11/16/2024,39.1,92,23.61,3.9,
765,132,Los Angeles,11/11/2024,2.6,4,4.29,4.7,SAVE20
766,169,New York,11/4/2024,36.6,70,50.83,4.1,DISCOUNT10
767,173,Miami,11/21/2024,22.1,46,12.43,4.7,DISCOUNT10
768,170,San Francisco,11/21/2024,31.3,49,51.43,3.8,
769,200,Los Angeles,11/27/2024,25.1,44,15.99,4.2,SAVE20
770,128,San Francisco,11/14/2024,2.2,4,3.95,3.5,DISCOUNT10
771,186,New York,11/19/2024,21.3,50,35.73,4.9,WELCOME5
772,129,New York,11/18/2024,4.8,10,12.46,4.3,DISCOUNT10
773,153,Los Angeles,11/27/2024,25.5,58,19.13,4.4,DISCOUNT10
774,150,San Francisco,11/6/2024,46.4,111,137.83,4.1,WELCOME5
775,157,Los Angeles,11/10/2024,48.7,109,126.92,3.6,
776,191,Chicago,11/30/2024,28.3,67,60.89,3.5,
777,169,Los Angeles,11/30/2024,2.5,4,4.54,4.8,
778,158,New York,11/14/2024,3.3,6,6.92,4.4,
779,130,Miami,11/22/2024,35,66,49.19,4.9,DISCOUNT10
780,135,Los Angeles,11/3/2024,7.7,11,15.99,4.7,DISCOUNT10
781,169,Chicago,11/10/2024,34.9,79,69.02,4.1,WELCOME5
782,168,New York,11/4/2024,7.5,17,11.05,4.1,WELCOME5
783,174,Los Angeles,11/6/2024,29.8,53,22.3,4.7,WELCOME5
784,165,Miami,11/8/2024,15.9,36,45.61,3.6,
785,108,New York,11/12/2024,10.4,24,9.58,4.4,WELCOME5
786,177,New York,11/9/2024,39.4,66,51.16,3.8,SAVE20
787,198,New York,11/27/2024,47.7,87,63.06,4.5,
788,196,New York,11/20/2024,35.1,63,43.25,4.3,DISCOUNT10
789,172,Miami,11/10/2024,17.1,35,37.88,4.1,DISCOUNT10
790,156,Los Angeles,11/6/2024,39.8,80,77.51,4.2,DISCOUNT10
791,179,New York,11/8/2024,45.9,105,128.24,4.5,SAVE20
792,132,Los Angeles,11/13/2024,27,63,27.68,4.8,SAVE20
793,120,New York,11/25/2024,39,80,111.7,4,SAVE20
794,154,Los Angeles,11/7/2024,10.4,19,16.54,4.2,SAVE20
795,139,San Francisco,11/21/2024,15.4,24,27.84,4.9,SAVE20
796,143,San Francisco,11/28/2024,11,27,22.16,4.6,WELCOME5
797,195,New York,11/4/2024,25.5,58,53.75,3.7,DISCOUNT10
798,115,Los Angeles,11/3/2024,26,39,29.53,3.5,DISCOUNT10
799,118,Los Angeles,11/4/2024,39.7,98,48.07,4,WELCOME5
800,150,Los Angeles,11/22/2024,29.9,54,83.43,4.8,
801,137,San Francisco,11/11/2024,42.1,76,105.52,3.8,WELCOME5
802,166,Los Angeles,11/18/2024,37.4,70,56.18,4.5,
803,171,Miami,11/9/2024,41.6,65,41.55,4.2,WELCOME5
804,165,Los Angeles,11/14/2024,18.5,34,28.04,4.2,
805,150,New York,11/14/2024,5.8,11,9.23,3.6,
806,186,San Francisco,11/11/2024,29,44,76.12,4.7,WELCOME5
807,170,Los Angeles,11/13/2024,17.2,36,11.36,4,SAVE20
808,171,New York,11/6/2024,6.8,11,6.6,4,WELCOME5
809,200,Los Angeles,11/26/2024,27.7,46,26.01,4.8,SAVE20
810,198,Chicago,11/7/2024,30.7,66,35.42,3.9,DISCOUNT10
811,166,New York,11/26/2024,32,50,20.32,3.9,DISCOUNT10
812,197,San Francisco,11/15/2024,5.7,9,16.41,4.6,SAVE20
813,122,New York,11/5/2024,17,31,50.94,4.1,WELCOME5
814,183,Los Angeles,11/18/2024,32.7,62,81.16,4.2,
815,119,Chicago,11/24/2024,38.7,82,86.43,4.9,WELCOME5
816,165,Chicago,11/6/2024,6.6,15,16.89,4.5,SAVE20
817,149,Los Angeles,11/19/2024,32.1,70,32.88,4.6,DISCOUNT10
818,102,San Francisco,11/2/2024,5.8,13,5.58,4.6,WELCOME5
819,179,New York,11/19/2024,3.7,7,8.99,4,SAVE20
820,170,Miami,11/4/2024,33.5,63,71.47,3.6,DISCOUNT10
821,185,San Francisco,11/18/2024,14.5,26,40.17,4,SAVE20
822,164,San Francisco,11/6/2024,44.4,109,33.07,4.1,DISCOUNT10
823,134,Chicago,11/11/2024,31,60,86.49,4.2,DISCOUNT10
824,125,San Francisco,11/29/2024,45,79,124.28,4.9,WELCOME5
825,153,San Francisco,11/5/2024,21.9,34,53.66,4.3,SAVE20
826,114,Miami,11/2/2024,40.7,65,74.2,3.8,SAVE20
827,130,New York,11/24/2024,41.8,85,122.2,3.9,SAVE20
828,133,Los Angeles,11/30/2024,11.4,25,23.69,3.5,WELCOME5
829,105,San Francisco,11/23/2024,48.5,73,114.62,3.7,WELCOME5
830,105,Miami,11/16/2024,4.7,8,11.02,4.9,SAVE20
831,189,Chicago,11/13/2024,7.3,15,10.35,4.7,DISCOUNT10
832,143,Los Angeles,11/16/2024,33.8,70,86.99,4.3,WELCOME5
833,173,New York,11/21/2024,5.4,11,16.05,3.8,SAVE20
834,181,San Francisco,11/28/2024,42.1,80,36.08,4.5,SAVE20
835,122,Miami,11/1/2024,42.7,91,35.66,4.3,WELCOME5
836,181,San Francisco,11/7/2024,17.5,40,39.28,3.8,WELCOME5
837,107,San Francisco,11/9/2024,27.8,63,38.75,4.6,DISCOUNT10
838,157,Chicago,11/8/2024,44.8,87,131.4,4.2,WELCOME5
839,147,Miami,11/25/2024,41.8,100,111.95,4.7,
840,103,San Francisco,11/7/2024,28,66,31.67,4.6,
841,173,Los Angeles,11/8/2024,26.1,48,66.08,4.6,WELCOME5
842,139,San Francisco,11/21/2024,38.9,65,84.67,4.1,
843,177,Miami,11/26/2024,38.2,90,40.14,4.4,DISCOUNT10
844,101,Los Angeles,11/10/2024,18.9,36,13.1,4.7,SAVE20
845,196,Los Angeles,11/29/2024,15.8,23,32.28,4.6,WELCOME5
846,200,San Francisco,11/14/2024,22.1,42,64.37,4.7,DISCOUNT10
847,151,Chicago,11/18/2024,47.1,92,123.5,3.6,WELCOME5
848,149,San Francisco,11/7/2024,2.7,5,8.04,4.9,SAVE20
849,174,Chicago,11/9/2024,29.5,69,54,5,SAVE20
850,127,Los Angeles,11/27/2024,17,39,16.87,4.7,DISCOUNT10
851,128,Los Angeles,11/30/2024,15.5,24,24.79,4.7,WELCOME5
852,145,San Francisco,11/30/2024,3.3,5,6.55,4.1,DISCOUNT10
853,115,San Francisco,11/1/2024,29.4,68,84.5,4.3,DISCOUNT10
854,194,San Francisco,11/29/2024,34.7,63,29.02,4.3,
855,102,Miami,11/17/2024,3.6,6,8.73,3.7,
856,181,New York,11/30/2024,11.1,18,8.56,4.4,SAVE20
857,170,Miami,11/20/2024,23.1,35,34.26,4.5,DISCOUNT10
858,199,Miami,11/19/2024,39.7,91,65.13,3.7,SAVE20
859,103,Los Angeles,11/16/2024,14.2,22,9.57,4.6,SAVE20
860,127,San Francisco,11/21/2024,41.1,94,96.4,4.6,SAVE20
861,126,Los Angeles,11/25/2024,18.8,32,24.29,4,
862,132,New York,11/19/2024,6.1,12,7.07,3.8,
863,167,Los Angeles,11/26/2024,21.5,51,14.85,4.9,
864,191,Chicago,11/22/2024,40.4,77,43.27,4.1,
865,133,New York,11/16/2024,25.3,50,14.63,4.5,SAVE20
866,175,San Francisco,11/19/2024,45.4,75,61.72,4.7,WELCOME5
867,140,San Francisco,11/17/2024,10.3,24,13.8,4,DISCOUNT10
868,148,Miami,11/6/2024,42.5,71,126.67,4.9,SAVE20
869,181,San Francisco,11/12/2024,24.9,50,29.79,4,DISCOUNT10
870,122,Los Angeles,11/24/2024,20.2,43,33.51,4.3,SAVE20
871,131,Chicago,11/23/2024,27.4,46,37.44,3.8,
872,164,San Francisco,11/10/2024,36,73,105.72,4.7,
873,184,Chicago,11/3/2024,42.1,66,78.9,4.5,SAVE20
874,188,Los Angeles,11/16/2024,21.4,51,47.74,4.9,SAVE20
875,126,New York,11/12/2024,11.8,24,14.45,3.6,DISCOUNT10
876,103,Chicago,11/19/2024,17.4,40,49.53,4.6,WELCOME5
877,171,Chicago,11/16/2024,9.9,20,20.61,3.7,DISCOUNT10
878,126,Los Angeles,11/21/2024,14.9,25,35.6,3.5,
879,171,San Francisco,11/8/2024,7.4,13,4.55,4.3,
880,147,Los Angeles,11/18/2024,25.3,60,73.41,4.4,WELCOME5
881,120,Miami,11/2/2024,43.2,68,51.62,3.7,SAVE20
882,107,San Francisco,11/15/2024,18.7,34,11.46,4.6,
883,140,San Francisco,11/3/2024,32.9,69,37.34,3.7,
884,162,Miami,11/27/2024,43.5,74,22.03,3.9,
885,174,New York,11/20/2024,9.8,21,18.57,4.8,SAVE20
886,178,New York,11/14/2024,27.7,62,78.25,4.6,WELCOME5
887,142,New York,11/8/2024,8.9,13,8.8,4,WELCOME5
888,136,Los Angeles,11/1/2024,6.5,13,7.19,4,DISCOUNT10
889,146,Chicago,11/21/2024,32.3,69,43.14,3.6,SAVE20
890,164,Los Angeles,11/6/2024,46.4,78,33,4.8,DISCOUNT10
891,110,Los Angeles,11/16/2024,40.1,79,33.47,3.7,WELCOME5
892,189,Miami,11/15/2024,20.2,38,20.63,4.5,
893,102,New York,11/11/2024,26.4,50,57.84,3.7,DISCOUNT10
894,103,New York,11/4/2024,8.3,18,6.13,4.8,WELCOME5
895,127,Chicago,11/11/2024,15.9,38,16.76,4,DISCOUNT10
896,195,Chicago,11/3/2024,10.5,24,9,3.8,
897,144,Miami,11/8/2024,47.3,89,54.05,4.9,WELCOME5
898,152,New York,11/8/2024,48,74,93.67,3.8,WELCOME5
899,149,San Francisco,11/10/2024,24.3,58,71.47,3.7,WELCOME5
900,110,Miami,11/6/2024,12,20,14.46,4.1,SAVE20
901,117,San Francisco,11/30/2024,48,85,27.13,3.9,WELCOME5
902,176,Miami,11/24/2024,32.7,69,46.06,4.9,
903,121,Miami,11/3/2024,8.9,16,19.32,4.6,
904,146,Los Angeles,11/9/2024,30.1,57,56.08,4.4,WELCOME5
905,163,San Francisco,11/11/2024,33.8,61,71.96,4.1,DISCOUNT10
906,162,Chicago,11/18/2024,43.2,70,110.33,4,
907,128,New York,11/8/2024,46.3,88,136.03,4.8,DISCOUNT10
908,132,Chicago,11/5/2024,42.2,88,104.58,4.3,DISCOUNT10
909,166,New York,11/21/2024,24,43,69.34,4,
910,102,Los Angeles,11/13/2024,12.3,19,10.8,3.7,WELCOME5
911,158,Miami,11/30/2024,4.2,10,3.03,3.9,SAVE20
912,189,San Francisco,11/2/2024,41.4,84,32.86,3.7,WELCOME5
913,162,Los Angeles,11/1/2024,16.1,32,36.96,4.9,WELCOME5
914,193,Chicago,11/3/2024,47.1,79,138.02,4,WELCOME5
915,116,Chicago,11/27/2024,46.9,109,91.39,5,DISCOUNT10
916,143,Miami,11/7/2024,19.6,30,14.03,4.8,DISCOUNT10
917,198,Los Angeles,11/21/2024,42.5,76,105.34,4.9,WELCOME5
918,114,Chicago,11/9/2024,15.9,35,30.69,3.8,SAVE20
919,163,Los Angeles,11/1/2024,31.9,49,31.71,3.7,SAVE20
920,107,Los Angeles,11/15/2024,1.8,2,3.66,4,
921,138,New York,11/7/2024,41.2,98,30.99,3.8,SAVE20
922,102,Chicago,11/13/2024,30.9,68,53.92,3.6,DISCOUNT10
923,173,New York,11/30/2024,11.1,25,8.44,4,WELCOME5
924,197,San Francisco,11/19/2024,45.4,100,72.04,3.7,
925,164,Los Angeles,11/13/2024,9.4,19,18.92,4.7,DISCOUNT10
926,191,Miami,11/13/2024,37.7,62,100.25,3.7,
927,177,San Francisco,11/3/2024,33.9,51,98.82,4.9,SAVE20
928,158,Miami,11/25/2024,21.9,53,40.26,3.8,SAVE20
929,148,New York,11/3/2024,29.9,53,54.18,4.3,DISCOUNT10
930,170,New York,11/24/2024,9.3,15,12.3,4.2,SAVE20
931,175,Los Angeles,11/9/2024,11.6,23,11.06,4.9,
932,194,New York,11/8/2024,8.9,17,18.95,3.8,WELCOME5
933,195,Chicago,11/2/2024,26.9,54,74.26,4,
934,111,Chicago,11/24/2024,31.4,57,92.46,4.5,SAVE20
935,177,Chicago,11/13/2024,4.9,10,9.01,4,WELCOME5
936,101,Chicago,11/23/2024,29,59,68.11,3.7,SAVE20
937,132,Miami,11/8/2024,5.2,12,4.81,3.6,DISCOUNT10
938,142,San Francisco,11/6/2024,7.8,13,14.62,4.6,SAVE20
939,193,San Francisco,11/29/2024,24.7,39,56.52,4.5,WELCOME5
940,185,San Francisco,11/25/2024,3.3,6,2.76,3.6,
941,171,New York,11/20/2024,38.7,69,65.74,3.8,WELCOME5
942,181,Miami,11/12/2024,27,47,71.15,4.1,WELCOME5
943,133,New York,11/3/2024,26.7,41,72.16,3.7,WELCOME5
944,199,Chicago,11/4/2024,5.2,10,9.56,4.2,
945,189,Los Angeles,11/30/2024,38.1,68,79.67,3.5,DISCOUNT10
946,178,Los Angeles,11/13/2024,36.8,80,103.94,4.8,WELCOME5
947,182,Chicago,11/14/2024,10.3,22,20.25,4,
948,104,Miami,11/7/2024,41.7,71,40.41,3.6,DISCOUNT10
949,168,New York,11/8/2024,33.2,50,32.74,4.6,DISCOUNT10
950,158,Chicago,11/4/2024,15.1,31,31.03,3.5,DISCOUNT10
951,110,Los Angeles,11/6/2024,45.6,83,97.42,4.1,
952,179,Los Angeles,11/19/2024,17.1,31,25.79,3.6,DISCOUNT10
953,153,Chicago,11/9/2024,47.5,72,140.41,3.7,SAVE20
954,119,New York,11/27/2024,18.6,31,35.37,3.9,
955,106,Chicago,11/28/2024,20.5,47,56.3,3.7,
956,112,Los Angeles,11/20/2024,31.3,56,48.35,4.3,SAVE20
957,158,San Francisco,11/7/2024,44.5,96,127.79,3.7,SAVE20
958,177,Los Angeles,11/26/2024,33.8,51,73.33,4.8,DISCOUNT10
959,139,Chicago,11/29/2024,3,6,2.59,3.8,
960,174,Miami,11/8/2024,43.4,82,76.24,4,
961,106,Miami,11/26/2024,46.3,96,51.44,3.6,
962,103,Miami,11/3/2024,12.5,22,14.97,4.2,WELCOME5
963,186,Los Angeles,11/21/2024,2.2,5,4.33,4.1,DISCOUNT10
964,186,New York,11/10/2024,12.5,18,14.88,3.7,WELCOME5
965,136,Los Angeles,11/8/2024,34.5,80,24.6,4.4,WELCOME5
966,149,New York,11/24/2024,33.5,69,43.84,4.9,
967,174,San Francisco,11/15/2024,45.8,96,22.96,4.3,DISCOUNT10
968,115,New York,11/12/2024,41.6,77,81.54,4.6,WELCOME5
969,181,New York,11/13/2024,29.6,68,55.36,4.8,
970,139,Los Angeles,11/5/2024,30.1,66,38.13,4.2,DISCOUNT10
971,164,Miami,11/19/2024,48.5,106,138.59,3.9,
972,190,San Francisco,11/8/2024,47,72,58.89,4.2,SAVE20
973,137,New York,11/10/2024,27.6,50,17.14,3.6,
974,158,New York,11/19/2024,4.8,9,14.18,4.5,SAVE20
975,125,Chicago,11/3/2024,34.9,81,97.8,4.9,DISCOUNT10
976,116,Chicago,11/18/2024,25.8,64,35.46,4.8,SAVE20
977,136,Chicago,11/23/2024,37.2,65,65.5,4.4,WELCOME5
978,109,San Francisco,11/30/2024,2.9,5,1.6,4,
979,155,San Francisco,11/23/2024,34.9,78,52.32,4.9,WELCOME5
980,164,Chicago,11/3/2024,11.1,25,28.5,4.9,SAVE20
981,176,Los Angeles,11/9/2024,16.1,24,31.69,4.9,WELCOME5
982,117,Chicago,11/26/2024,17.8,37,34.66,3.6,WELCOME5
983,151,Miami,11/30/2024,48.5,77,138.11,4.9,DISCOUNT10
984,190,Chicago,11/8/2024,38.3,95,46.59,3.7,
985,123,Los Angeles,11/24/2024,6.5,13,18.63,4.8,WELCOME5
986,162,San Francisco,11/7/2024,31.2,64,80.1,4.5,SAVE20
987,142,Miami,11/27/2024,36.2,74,103.64,4,
988,170,Miami,11/29/2024,10.7,20,27.31,4.3,
989,148,Los Angeles,11/13/2024,34.3,84,101.02,4.1,DISCOUNT10
990,114,San Francisco,11/21/2024,5.7,12,6.45,4.2,
991,109,New York,11/11/2024,24.1,42,68.89,4.7,DISCOUNT10
992,126,Los Angeles,11/22/2024,27.9,52,70.48,4.8,WELCOME5
993,108,Los Angeles,11/18/2024,34.8,74,58.05,4,WELCOME5
994,134,San Francisco,11/19/2024,6,14,5.63,4.8,WELCOME5
995,158,Miami,11/17/2024,39.1,59,81.14,4,WELCOME5
996,189,Miami,11/6/2024,45.8,95,95.92,4.2,SAVE20
997,104,San Francisco,11/12/2024,4.8,10,4.91,4.5,
998,108,New York,11/15/2024,44.8,99,72.22,3.7,DISCOUNT10
999,163,Miami,11/1/2024,44.7,93,114.69,4.4,WELCOME5
1000,187,Miami,11/27/2024,33.4,74,86.1,3.6,
